sex,RR,sd
female,1.66,0.13666078241884394
male,1.61,0.056924375335257606
