sex,RR,sd
female,2.2,0.12729366482627238
male,1.9,0.11989888501166722
