sex,RR,sd
female,0.62,0.05325377904645663
male,0.62,0.05325377904645663
