sex,RR,sd
female,2.3,0.08621018041649725
male,2.3,0.08621018041649725
