sex,RR,sd
female,1.42,0.07856294480185885
male,1.42,0.07856294480185885
