sex,i,f,r
male,0.00353239564140799987,0.02999999999999999889,-0.05380000000000000060
female,0.00859243816778999976,0.02469000000000000014,-0.07034999999999999587
