sex,i,f,r
male,0.00000000000000000000,0.00000000000000000000,0.00000000000000000000
female,-0.03454926491546200101,-0.00283000000000000005,0.00259999999999999988
