sex,i,f,r
male,0.00385501247362899984,-0.00932000000000000016,0.00792999999999999955
female,0.00863562969938799947,-0.00962000000000000008,0.00717999999999999975
