sex,i,f,r
male,0.00000000000000000000,0.00000000000000000000,0.00000000000000000000
female,0.00519569382364299965,-0.01848999999999999949,0.00876000000000000043
