sex,i,f,r
male,0.01427314675045399973,-0.01641000000000000097,0.01387999999999999998
female,0.01399414868006799983,-0.01555999999999999918,0.01611999999999999891
