sex,i,f,r
male,-0.00512754677257000035,-0.00766999999999999973,0.04039999999999999841
female,-0.00650777422893999979,-0.00762000000000000004,0.04062000000000000333
