sex,i,f,r
male,-0.02763299424031399887,0.00017000000000000001,-0.00288000000000000018
female,0.00664271739187599977,0.00022000000000000001,-0.00252000000000000010
