sex,i,f,r
male,0.02038679363276199932,0.00000000000000000000,0.00000000000000000000
female,0.01648617498107600096,0.00000000000000000000,0.00000000000000000000
