sex,i,f,r
male,0.00642389022650600040,-0.01278999999999999929,0.01873999999999999971
female,0.02341735364754300025,-0.01333999999999999943,0.01714999999999999858
