sex,i,f,r
male,0.00084583599599900004,-0.00289999999999999980,0.02120999999999999969
female,-0.00793115552083700076,-0.00141000000000000001,0.03184000000000000025
