sex,i,f,r
male,-0.01765940313527599934,-0.00018000000000000001,0.00278999999999999995
female,-0.01228507311023999994,-0.00012999999999999999,0.00331000000000000001
