sex,i,f,r
male,-0.00562682642272300040,-0.00355000000000000020,0.01472000000000000045
female,-0.00515352363996100012,-0.00368000000000000011,0.01418999999999999949
