sex,i,f,r
male,0.01707523927232899863,-0.02595000000000000084,0.00068999999999999997
female,0.03335220509706599695,-0.02597999999999999962,0.00063000000000000003
