sex,RR,sd
female,2.22,0.0697462719630352
male,2.22,0.0697462719630352
