sex,RR,sd
female,0.96,0.04797250803646421
male,0.96,0.04797250803646421
