sex,RR,sd
female,12.3,0.10937772212032812
male,10.8,0.1284839628284128
