sex,RR,sd
female,1.29,0.09618040122133441
male,1.29,0.09618040122133441
