sex,RR,sd
female,1.75,0.12542477704768237
male,1.75,0.12542477704768237
