sex,RR,sd
female,9.28,0.057231172775502624
male,9.28,0.057231172775502624
