sex,RR,sd
female,2.14,0.10878526313480694
male,2.14,0.10878526313480694
