sex,RR,sd
female,1.68,0.07864830603431545
male,1.68,0.07864830603431545
