sex,RR,sd
female,2.2,0.14231967719999397
male,2.52,0.08771869865272293
