sex,RR,sd
female,0.76,0.1389610141432837
male,0.76,0.1389610141432837
