sex,RR,sd
female,1.25,0.08167538969292581
male,1.28,0.06587624263405095
