sex,i,f,r
male,0.00242191331013700021,0.04200000000000000261,-0.02402999999999999928
female,0.00871561024425399934,0.04490000000000000241,-0.01771000000000000005
