sex,i,f,r
male,0.00000000000000000000,0.00000000000000000000,0.00000000000000000000
female,-0.02311673739015699877,-0.00308999999999999986,0.00195999999999999994
