sex,i,f
male,-0.02000000000000000042,-0.02000000000000000042
female,-0.02000000000000000042,-0.02000000000000000042
