sex,i,f,r
male,-0.01575623814341900117,-0.01000999999999999980,0.00623999999999999989
female,-0.01104711574640900029,-0.00915000000000000015,0.00838000000000000030
