sex,i,f
male,-0.01000000000000000021,-0.01000000000000000021
female,-0.01000000000000000021,-0.01000000000000000021
