sex,i,f,r
male,0.00000000000000000000,0.00000000000000000000,0.00000000000000000000
female,0.00512800807040600035,-0.01913000000000000117,0.00725999999999999996
