sex,i,f,r
male,0.01335899767044300065,-0.01825999999999999845,0.00928000000000000005
female,0.01404322152690399943,-0.01824999999999999886,0.00931000000000000057
