sex,i,f,r
male,0.01507429807234600058,-0.00713000000000000005,0.04299000000000000044
female,0.01232977633597200084,-0.00856999999999999949,0.03642000000000000098
