sex,i,f,r
male,-0.03612539274317400073,0.00024000000000000001,-0.00241999999999999984
female,-0.00144555950228600003,0.00023000000000000001,-0.00242999999999999987
