sex,i,f,r
male,0.01921272815593999886,0.00000000000000000000,0.00000000000000000000
female,0.01559410137591099935,0.00000000000000000000,0.00000000000000000000
