sex,i,f,r
male,-0.01963231616111099989,-0.01260000000000000009,0.01931000000000000077
female,-0.00361794724013699996,-0.01553999999999999999,0.01132000000000000020
