sex,i,f,r
male,0.00187140068681899995,-0.00320000000000000015,0.01981000000000000122
female,-0.00749584540902200041,-0.00229999999999999996,0.02472999999999999851
