sex,i,f,r
male,-0.01772568880516999998,-0.00029999999999999997,0.00227999999999999991
female,-0.01256040101990200074,-0.00016000000000000001,0.00295999999999999996
