sex,i,f,r
male,-0.01563440546085400132,-0.00479999999999999958,0.01037000000000000074
female,-0.01507304543875299940,-0.00446000000000000042,0.01136999999999999990
