sex,i,f,r
male,0.01676907094136500034,-0.02604000000000000065,0.00051999999999999995
female,0.03293285468486700091,-0.02610000000000000167,0.00038999999999999999
